,country,country_isocode,year,pop,xrat,tcgdp,cc,cg
0,Argentina,ARG,2000,37335.653,0.9995,295072.21869,75.716805379,5.578804289600001
1,Australia,AUS,2000,19053.186,1.7248299999999999,541804.6521,67.75902599300001,6.720097533200001
2,India,IND,2000,1006300.297,44.9416,1728144.3748,64.575551328,14.072205773
3,Israel,ISR,2000,6114.57,4.07733,129253.89422999999,64.436450847,10.266688415
4,Malawi,MWI,2000,11801.505,59.543808333,5026.2217836,74.707624181,11.658954494000001
5,South Africa,ZAF,2000,45064.098,6.939830000000001,227242.36949,72.718710427,5.7265463933000005
6,United States,USA,2000,282171.957,1.0,9898700.0,72.34705430300001,6.0324539789
7,Uruguay,URY,2000,3219.7929999999997,12.099591667,25255.961693,78.978740282,5.108067988
